,year,month,site,block,plot,total,deoc,ipac,deva,other
1,2016,April,Arid,2,Open,1,1,0,0,0
2,2016,April,Arid,2,Partial,1,0,1,0,0
3,2016,April,Arid,2,Total,0,0,0,0,0
4,2016,April,Arid,1,Open,0,0,0,0,0
5,2016,April,Arid,1,Partial,0,0,0,0,0
6,2016,April,Arid,1,Total,1,1,0,0,0
7,2016,April,Arid,3,Open,2,2,0,0,0
8,2016,April,Arid,3,Partial,0,0,0,0,0
9,2016,April,Arid,3,Total,2,1,1,0,0
10,2016,April,Intermediate,3,Open,3,2,0,1,0
11,2016,April,Intermediate,3,Partial,1,1,0,0,1
12,2016,April,Intermediate,3,Total,2,2,0,0,0
13,2016,April,Intermediate,2,Open,2,1,1,0,0
14,2016,April,Intermediate,2,Total,0,0,0,0,0
15,2016,April,Intermediate,2,Partial,1,1,0,0,0
16,2016,April,Intermediate,1,Total,0,0,0,0,0
17,2016,April,Intermediate,1,Open,1,1,0,0,0
18,2016,April,Intermediate,1,Partial,2,2,0,0,0
19,2016,April,Mesic,1,Total,0,0,0,0,0
20,2016,April,Mesic,1,Partial,0,0,0,0,0
21,2016,April,Mesic,1,Open,0,0,0,0,0
22,2016,April,Mesic,2,Total,0,0,0,0,0
23,2016,April,Mesic,2,Partial,1,1,0,0,0
24,2016,April,Mesic,2,Open,0,0,0,0,0
25,2016,April,Mesic,3,Total,1,1,0,0,0
26,2016,April,Mesic,3,Partial,0,0,0,0,0
27,2016,April,Mesic,3,Open,0,0,0,0,0
28,2016,May,Arid,1,Open,0,0,0,0,0
29,2016,May,Arid,1,Partial,0,0,0,0,0
30,2016,May,Arid,1,Total,0,0,0,0,0
31,2016,May,Arid,2,Open,0,0,0,0,0
32,2016,May,Arid,2,Partial,0,0,0,0,0
33,2016,May,Arid,2,Total,0,0,0,0,0
34,2016,May,Arid,3,Open,0,0,0,0,0
35,2016,May,Arid,3,Partial,0,0,0,0,0
36,2016,May,Arid,3,Total,0,0,0,0,0
37,2016,May,Intermediate,1,Total,0,0,0,0,0
38,2016,May,Intermediate,2,Open,0,0,0,0,0
39,2016,May,Intermediate,2,Partial,0,0,0,0,0
40,2016,May,Intermediate,2,Total,0,0,0,0,0
41,2016,May,Intermediate,3,Open,0,0,0,0,0
42,2016,May,Intermediate,3,Partial,0,0,0,0,0
43,2016,May,Intermediate,3,Total,1,1,0,0,0
44,2016,May,Intermediate,1,Open,1,0,1,0,0
45,2016,May,Intermediate,1,Partial,0,0,0,0,0
46,2016,May,Mesic,1,Open,0,0,0,0,0
47,2016,May,Mesic,1,Partial,0,0,0,0,0
48,2016,May,Mesic,1,Total,0,0,0,0,0
49,2016,May,Mesic,2,Open,0,0,0,0,0
50,2016,May,Mesic,2,Partial,0,0,0,0,0
51,2016,May,Mesic,2,Total,0,0,0,0,0
52,2016,May,Mesic,3,Open,0,0,0,0,0
53,2016,May,Mesic,3,Partial,0,0,0,0,0
54,2016,May,Mesic,3,Total,0,0,0,0,0
55,2016,June,Arid,1,Open,0,0,0,0,0
56,2016,June,Arid,1,Partial,0,0,0,0,0
57,2016,June,Arid,1,Total,0,0,0,0,0
58,2016,June,Arid,2,Open,0,0,0,0,0
59,2016,June,Arid,2,Partial,0,0,0,0,0
60,2016,June,Arid,2,Total,0,0,0,0,0
61,2016,June,Arid,3,Open,0,0,0,0,0
62,2016,June,Arid,3,Partial,0,0,0,0,0
63,2016,June,Arid,3,Total,0,0,0,0,0
64,2016,June,Intermediate,1,Total,0,0,0,0,0
65,2016,June,Intermediate,2,Open,2,2,0,0,0
66,2016,June,Intermediate,2,Partial,1,1,0,0,0
67,2016,June,Intermediate,2,Total,1,1,0,0,0
68,2016,June,Intermediate,3,Open,0,0,0,0,0
69,2016,June,Intermediate,3,Partial,1,1,0,0,0
70,2016,June,Intermediate,3,Total,0,0,0,0,0
71,2016,June,Intermediate,1,Open,1,1,0,0,0
72,2016,June,Intermediate,1,Partial,2,2,0,0,0
73,2016,June,Mesic,1,Open,0,0,0,0,0
74,2016,June,Mesic,1,Partial,0,0,0,0,0
75,2016,June,Mesic,1,Total,0,0,0,0,0
76,2016,June,Mesic,2,Open,0,0,0,0,0
77,2016,June,Mesic,2,Partial,1,1,0,0,0
78,2016,June,Mesic,2,Total,0,0,0,0,0
79,2016,June,Mesic,3,Open,0,0,0,0,0
80,2016,June,Mesic,3,Partial,0,0,0,0,0
81,2016,June,Mesic,3,Total,0,0,0,0,0
82,2016,July,Arid,1,Open,0,0,0,0,0
83,2016,July,Arid,1,Partial,0,0,0,0,0
84,2016,July,Arid,1,Total,0,0,0,0,0
85,2016,July,Arid,2,Open,0,0,0,0,0
86,2016,July,Arid,2,Partial,0,0,0,0,0
87,2016,July,Arid,2,Total,0,0,0,0,0
88,2016,July,Arid,3,Open,0,0,0,0,0
89,2016,July,Arid,3,Partial,0,0,0,0,0
90,2016,July,Arid,3,Total,0,0,0,0,0
91,2016,July,Intermediate,1,Total,0,0,0,0,0
92,2016,July,Intermediate,2,Open,0,0,0,0,0
93,2016,July,Intermediate,2,Partial,0,0,0,0,0
94,2016,July,Intermediate,2,Total,0,0,0,0,0
95,2016,July,Intermediate,3,Open,0,0,0,0,0
96,2016,July,Intermediate,3,Partial,0,0,0,0,0
97,2016,July,Intermediate,3,Total,0,0,0,0,0
98,2016,July,Intermediate,1,Open,0,0,0,0,0
99,2016,July,Intermediate,1,Partial,0,0,0,0,0
100,2016,July,Mesic,1,Open,0,0,0,0,0
101,2016,July,Mesic,1,Partial,0,0,0,0,0
102,2016,July,Mesic,1,Total,0,0,0,0,0
103,2016,July,Mesic,2,Open,0,0,0,0,0
104,2016,July,Mesic,2,Partial,0,0,0,0,0
105,2016,July,Mesic,2,Total,0,0,0,0,0
106,2016,July,Mesic,3,Open,0,0,0,0,0
107,2016,July,Mesic,3,Partial,0,0,0,0,0
108,2016,July,Mesic,3,Total,0,0,0,0,0
109,2016,August,Arid,1,Open,0,0,0,0,0
110,2016,August,Arid,1,Partial,0,0,0,0,0
111,2016,August,Arid,1,Total,0,0,0,0,0
112,2016,August,Arid,2,Open,0,0,0,0,0
113,2016,August,Arid,2,Partial,0,0,0,0,0
114,2016,August,Arid,2,Total,0,0,0,0,0
115,2016,August,Arid,3,Open,0,0,0,0,0
116,2016,August,Arid,3,Partial,0,0,0,0,0
117,2016,August,Arid,3,Total,0,0,0,0,0
118,2016,August,Intermediate,1,Total,0,0,0,0,0
119,2016,August,Intermediate,2,Open,0,0,0,0,0
120,2016,August,Intermediate,2,Partial,0,0,0,0,0
121,2016,August,Intermediate,2,Total,0,0,0,0,0
122,2016,August,Intermediate,3,Open,0,0,0,0,0
123,2016,August,Intermediate,3,Partial,0,0,0,0,0
124,2016,August,Intermediate,3,Total,0,0,0,0,0
125,2016,August,Intermediate,1,Open,0,0,0,0,0
126,2016,August,Intermediate,1,Partial,0,0,0,0,0
127,2016,August,Mesic,1,Open,0,0,0,0,0
128,2016,August,Mesic,1,Partial,0,0,0,0,0
129,2016,August,Mesic,1,Total,0,0,0,0,0
130,2016,August,Mesic,2,Open,0,0,0,0,0
131,2016,August,Mesic,2,Partial,0,0,0,0,0
132,2016,August,Mesic,2,Total,0,0,0,0,0
133,2016,August,Mesic,3,Open,0,0,0,0,0
134,2016,August,Mesic,3,Partial,0,0,0,0,0
135,2016,August,Mesic,3,Total,0,0,0,0,0
136,2016,September,Arid,1,Open,0,0,0,0,0
137,2016,September,Arid,1,Partial,0,0,0,0,0
138,2016,September,Arid,1,Total,0,0,0,0,0
139,2016,September,Arid,2,Open,0,0,0,0,0
140,2016,September,Arid,2,Partial,0,0,0,0,0
141,2016,September,Arid,2,Total,0,0,0,0,0
142,2016,September,Arid,3,Open,0,0,0,0,0
143,2016,September,Arid,3,Partial,0,0,0,0,0
144,2016,September,Arid,3,Total,0,0,0,0,0
145,2016,September,Mesic,1,Open,0,0,0,0,0
146,2016,September,Mesic,1,Partial,0,0,0,0,0
147,2016,September,Mesic,1,Total,0,0,0,0,0
148,2016,September,Mesic,2,Open,0,0,0,0,0
149,2016,September,Mesic,2,Partial,0,0,0,0,0
150,2016,September,Mesic,2,Total,0,0,0,0,0
151,2016,September,Mesic,3,Open,0,0,0,0,0
152,2016,September,Mesic,3,Partial,0,0,0,0,0
153,2016,September,Mesic,3,Total,0,0,0,0,0
154,2016,September,Intermediate,1,Total,0,0,0,0,0
155,2016,September,Intermediate,2,Open,0,0,0,0,0
156,2016,September,Intermediate,2,Partial,0,0,0,0,0
157,2016,September,Intermediate,2,Total,0,0,0,0,0
158,2016,September,Intermediate,3,Open,0,0,0,0,0
159,2016,September,Intermediate,3,Partial,0,0,0,0,0
160,2016,September,Intermediate,3,Total,0,0,0,0,0
161,2016,September,Intermediate,1,Open,0,0,0,0,0
162,2016,September,Intermediate,1,Partial,0,0,0,0,0
163,2016,October,Arid,1,Open,0,0,0,0,0
164,2016,October,Arid,1,Partial,0,0,0,0,0
165,2016,October,Arid,1,Total,0,0,0,0,0
166,2016,October,Arid,2,Open,0,0,0,0,0
167,2016,October,Arid,2,Partial,0,0,0,0,0
168,2016,October,Arid,2,Total,0,0,0,0,0
169,2016,October,Arid,3,Open,0,0,0,0,0
170,2016,October,Arid,3,Partial,0,0,0,0,0
171,2016,October,Arid,3,Total,0,0,0,0,0
172,2016,October,Intermediate,1,Total,0,0,0,0,0
173,2016,October,Intermediate,2,Open,0,0,0,0,0
174,2016,October,Intermediate,2,Partial,0,0,0,0,0
175,2016,October,Intermediate,2,Total,0,0,0,0,0
176,2016,October,Intermediate,3,Open,0,0,0,0,0
177,2016,October,Intermediate,3,Partial,0,0,0,0,0
178,2016,October,Intermediate,3,Total,0,0,0,0,0
179,2016,October,Intermediate,1,Open,0,0,0,0,0
180,2016,October,Intermediate,1,Partial,0,0,0,0,0
181,2016,October,Mesic,1,Open,0,0,0,0,0
182,2016,October,Mesic,1,Partial,0,0,0,0,0
183,2016,October,Mesic,1,Total,0,0,0,0,0
184,2016,October,Mesic,2,Open,0,0,0,0,0
185,2016,October,Mesic,2,Partial,0,0,0,0,0
186,2016,October,Mesic,2,Total,0,0,0,0,0
187,2016,October,Mesic,3,Open,0,0,0,0,0
188,2016,October,Mesic,3,Partial,0,0,0,0,0
189,2016,October,Mesic,3,Total,0,0,0,0,0
190,2016,November,Arid,1,Open,0,0,0,0,0
191,2016,November,Arid,1,Partial,0,0,0,0,0
192,2016,November,Arid,1,Total,1,1,0,0,0
193,2016,November,Arid,2,Open,1,0,1,0,0
194,2016,November,Arid,2,Partial,0,0,0,0,0
195,2016,November,Arid,2,Total,1,0,1,0,0
196,2016,November,Arid,3,Open,0,0,0,0,0
197,2016,November,Arid,3,Partial,1,1,0,0,0
198,2016,November,Arid,3,Total,0,0,0,0,0
199,2016,November,Intermediate,1,Total,1,1,0,0,0
200,2016,November,Intermediate,2,Open,0,0,0,0,0
201,2016,November,Intermediate,2,Partial,1,1,0,0,0
202,2016,November,Intermediate,2,Total,2,2,0,0,0
203,2016,November,Intermediate,3,Open,0,0,0,0,0
204,2016,November,Intermediate,3,Partial,0,0,0,0,0
205,2016,November,Intermediate,3,Total,0,0,0,0,0
206,2016,November,Intermediate,1,Open,0,0,0,0,0
207,2016,November,Intermediate,1,Partial,1,1,0,0,0
208,2016,November,Mesic,1,Open,1,0,0,1,0
209,2016,November,Mesic,1,Partial,1,1,0,0,0
210,2016,November,Mesic,1,Total,0,0,0,0,0
211,2016,November,Mesic,2,Open,1,0,1,0,0
212,2016,November,Mesic,2,Partial,0,0,0,0,0
213,2016,November,Mesic,2,Total,0,0,0,0,0
214,2016,November,Mesic,3,Open,0,0,0,0,0
215,2016,November,Mesic,3,Partial,0,0,0,0,0
216,2016,November,Mesic,3,Total,0,0,0,0,0
217,2016,December,Arid,1,Open,1,0,1,0,0
218,2016,December,Arid,1,Partial,0,0,0,0,0
219,2016,December,Arid,1,Total,1,0,1,0,0
220,2016,December,Arid,2,Open,0,0,0,0,0
221,2016,December,Arid,2,Partial,1,1,0,0,0
222,2016,December,Arid,2,Total,0,0,0,0,0
223,2016,December,Arid,3,Open,0,0,0,0,0
224,2016,December,Arid,3,Partial,0,0,0,0,0
225,2016,December,Arid,3,Total,0,0,0,0,0
226,2016,December,Intermediate,2,Open,1,1,0,0,0
227,2016,December,Intermediate,2,Partial,0,0,0,0,0
228,2016,December,Intermediate,2,Total,1,1,0,0,0
229,2016,December,Intermediate,3,Open,0,0,0,0,0
230,2016,December,Intermediate,3,Partial,2,1,1,0,0
231,2016,December,Intermediate,3,Total,1,0,1,0,0
232,2016,December,Intermediate,1,Open,1,1,0,0,0
233,2016,December,Intermediate,1,Partial,0,0,0,0,0
234,2016,December,Intermediate,1,Total,0,0,0,0,0
235,2016,December,Mesic,1,Open,0,0,0,0,0
236,2016,December,Mesic,1,Partial,0,0,0,0,0
237,2016,December,Mesic,1,Total,0,0,0,0,0
238,2016,December,Mesic,2,Open,0,0,0,0,0
239,2016,December,Mesic,2,Partial,0,0,0,0,0
240,2016,December,Mesic,2,Total,0,0,0,0,0
241,2016,December,Mesic,3,Open,0,0,0,0,0
242,2016,December,Mesic,3,Partial,0,0,0,0,0
243,2016,December,Mesic,3,Total,0,0,0,0,0
244,2017,January,Arid,2,Open,0,0,0,0,0
245,2017,January,Arid,2,Partial,0,0,0,0,0
246,2017,January,Arid,2,Total,0,0,0,0,0
247,2017,January,Arid,1,Open,0,0,0,0,0
248,2017,January,Arid,1,Partial,0,0,0,0,0
249,2017,January,Arid,1,Total,0,0,0,0,0
250,2017,January,Arid,3,Open,0,0,0,0,0
251,2017,January,Arid,3,Partial,0,0,0,0,0
252,2017,January,Arid,3,Total,0,0,0,0,0
253,2017,January,Intermediate,3,Open,0,0,0,0,0
254,2017,January,Intermediate,3,Partial,0,0,0,0,0
255,2017,January,Intermediate,3,Total,0,0,0,0,0
256,2017,January,Intermediate,2,Open,0,0,0,0,0
257,2017,January,Intermediate,2,Total,0,0,0,0,0
258,2017,January,Intermediate,2,Partial,0,0,0,0,0
259,2017,January,Intermediate,1,Total,0,0,0,0,0
260,2017,January,Intermediate,1,Open,0,0,0,0,0
261,2017,January,Intermediate,1,Partial,0,0,0,0,0
262,2017,January,Mesic,1,Total,0,0,0,0,0
263,2017,January,Mesic,1,Partial,0,0,0,0,0
264,2017,January,Mesic,1,Open,0,0,0,0,0
265,2017,January,Mesic,2,Total,0,0,0,0,0
266,2017,January,Mesic,2,Partial,0,0,0,0,0
267,2017,January,Mesic,2,Open,0,0,0,0,0
268,2017,January,Mesic,3,Total,0,0,0,0,0
269,2017,January,Mesic,3,Partial,0,0,0,0,0
270,2017,January,Mesic,3,Open,0,0,0,0,0
271,2017,February,Arid,1,Open,0,0,0,0,0
272,2017,February,Arid,1,Partial,1,1,0,0,0
273,2017,February,Arid,1,Total,1,1,0,0,0
274,2017,February,Arid,2,Open,0,0,0,0,0
275,2017,February,Arid,2,Partial,0,0,0,0,0
276,2017,February,Arid,2,Total,1,1,0,0,0
277,2017,February,Arid,3,Open,0,0,0,0,0
278,2017,February,Arid,3,Partial,1,1,0,0,0
279,2017,February,Arid,3,Total,1,1,0,0,0
280,2017,February,Intermediate,1,Open,0,0,0,0,0
281,2017,February,Intermediate,1,Partial,0,0,0,0,0
282,2017,February,Intermediate,1,Total,0,0,0,0,0
283,2017,February,Intermediate,2,Open,0,0,0,0,0
284,2017,February,Intermediate,2,Partial,0,0,0,0,0
285,2017,February,Intermediate,2,Total,0,0,0,0,0
286,2017,February,Intermediate,3,Open,0,0,0,0,0
287,2017,February,Intermediate,3,Partial,1,1,0,0,0
288,2017,February,Intermediate,3,Total,1,1,0,0,0
289,2017,February,Mesic,1,Open,0,0,0,0,0
290,2017,February,Mesic,1,Partial,0,0,0,0,0
291,2017,February,Mesic,1,Total,0,0,0,0,0
292,2017,February,Mesic,2,Open,0,0,0,0,0
293,2017,February,Mesic,2,Partial,0,0,0,0,0
294,2017,February,Mesic,2,Total,0,0,0,0,0
295,2017,February,Mesic,3,Open,0,0,0,0,0
296,2017,February,Mesic,3,Partial,0,0,0,0,0
297,2017,February,Mesic,3,Total,0,0,0,0,0
298,2017,March,Arid,1,Open,0,0,0,0,0
299,2017,March,Arid,1,Partial,2,2,0,0,0
300,2017,March,Arid,1,Total,2,1,1,0,0
301,2017,March,Arid,2,Open,0,0,0,0,0
302,2017,March,Arid,2,Partial,1,1,0,0,0
303,2017,March,Arid,2,Total,1,1,0,0,0
304,2017,March,Arid,3,Open,0,0,0,0,0
305,2017,March,Arid,3,Partial,1,1,0,0,0
306,2017,March,Arid,3,Total,2,2,0,0,0
307,2017,March,Intermediate,1,Open,0,0,0,0,0
308,2017,March,Intermediate,1,Partial,0,0,0,0,0
309,2017,March,Intermediate,1,Total,0,0,0,0,0
310,2017,March,Intermediate,2,Open,5,2,0,3,0
311,2017,March,Intermediate,2,Partial,6,2,4,0,0
312,2017,March,Intermediate,2,Total,12,7,5,0,0
313,2017,March,Intermediate,3,Open,1,1,0,0,0
314,2017,March,Intermediate,3,Partial,11,11,0,0,0
315,2017,March,Intermediate,3,Total,19,16,3,0,0
316,2017,March,Mesic,1,Open,0,0,0,0,0
317,2017,March,Mesic,1,Partial,0,0,0,0,0
318,2017,March,Mesic,1,Total,0,0,0,0,0
319,2017,March,Mesic,2,Open,0,0,0,0,0
320,2017,March,Mesic,2,Partial,0,0,0,0,0
321,2017,March,Mesic,2,Total,0,0,0,0,0
322,2017,March,Mesic,3,Open,0,0,0,0,0
323,2017,March,Mesic,3,Partial,0,0,0,0,0
324,2017,March,Mesic,3,Total,0,0,0,0,0
325,2017,April,Arid,2,Open,1,1,0,0,0
326,2017,April,Arid,2,Partial,3,3,0,0,0
327,2017,April,Arid,2,Total,4,4,0,0,0
328,2017,April,Arid,1,Open,0,0,0,0,0
329,2017,April,Arid,1,Partial,2,2,0,0,0
330,2017,April,Arid,1,Total,4,4,0,0,0
331,2017,April,Arid,3,Open,1,1,0,0,0
332,2017,April,Arid,3,Partial,3,3,0,0,0
333,2017,April,Arid,3,Total,2,2,0,0,0
334,2017,April,Intermediate,3,Open,8,8,0,0,0
335,2017,April,Intermediate,3,Partial,14,11,3,0,0
336,2017,April,Intermediate,3,Total,28,22,6,0,0
337,2017,April,Intermediate,2,Open,4,3,1,0,0
338,2017,April,Intermediate,2,Total,12,10,0,2,0
339,2017,April,Intermediate,2,Partial,2,2,0,0,0
340,2017,April,Intermediate,1,Total,1,1,0,0,0
341,2017,April,Intermediate,1,Open,0,0,0,0,0
342,2017,April,Intermediate,1,Partial,0,0,0,0,0
343,2017,April,Mesic,1,Total,3,3,0,0,0
344,2017,April,Mesic,1,Partial,2,1,0,0,0
345,2017,April,Mesic,1,Open,2,2,0,0,0
346,2017,April,Mesic,2,Total,3,3,0,0,0
347,2017,April,Mesic,2,Partial,4,2,2,0,0
348,2017,April,Mesic,2,Open,1,1,0,0,0
349,2017,April,Mesic,3,Total,3,3,0,0,0
350,2017,April,Mesic,3,Partial,2,1,1,0,0
351,2017,April,Mesic,3,Open,1,1,0,0,0
352,2017,April,Arid,1,Open,0,0,0,0,0
353,2017,April,Arid,1,Partial,2,1,1,0,0
354,2017,April,Arid,1,Total,4,4,0,0,0
355,2017,April,Arid,2,Open,0,0,0,0,0
356,2017,April,Arid,2,Partial,3,3,0,0,0
357,2017,April,Arid,2,Total,2,2,0,0,0
358,2017,April,Arid,3,Open,0,0,0,0,0
359,2017,April,Arid,3,Partial,2,1,1,0,0
360,2017,April,Arid,3,Total,2,2,0,0,0
361,2017,April,Intermediate,2,Open,6,6,0,0,0
362,2017,April,Intermediate,2,Partial,2,2,0,0,0
363,2017,April,Intermediate,2,Total,13,10,3,0,0
364,2017,April,Intermediate,3,Open,6,4,2,0,0
365,2017,April,Intermediate,3,Partial,12,10,1,1,0
366,2017,April,Intermediate,3,Total,22,22,0,0,0
367,2017,April,Intermediate,1,Open,0,0,0,0,0
368,2017,April,Intermediate,1,Partial,2,2,0,0,0
369,2017,April,Intermediate,1,Total,0,0,0,0,0
370,2017,April,Mesic,1,Open,2,2,0,0,0
371,2017,April,Mesic,1,Partial,4,2,2,0,0
372,2017,April,Mesic,1,Total,6,6,0,0,0
373,2017,April,Mesic,2,Open,1,1,0,0,0
374,2017,April,Mesic,2,Partial,3,3,0,0,0
375,2017,April,Mesic,2,Total,7,7,0,0,0
376,2017,April,Mesic,3,Open,2,1,1,0,0
377,2017,April,Mesic,3,Partial,6,6,0,0,0
378,2017,April,Mesic,3,Total,8,5,2,1,0
379,2017,April,Arid,1,Open,0,0,0,0,0
380,2017,April,Arid,1,Partial,1,1,0,0,0
381,2017,April,Arid,1,Total,0,0,0,0,0
382,2017,April,Arid,2,Open,0,0,0,0,0
383,2017,April,Arid,2,Partial,0,0,0,0,0
384,2017,April,Arid,2,Total,0,0,0,0,0
385,2017,April,Arid,3,Open,0,0,0,0,0
386,2017,April,Arid,3,Partial,3,3,0,0,0
387,2017,April,Arid,3,Total,1,1,0,0,0
388,2017,April,Intermediate,2,Open,3,3,0,0,0
389,2017,April,Intermediate,2,Partial,9,9,0,0,0
390,2017,April,Intermediate,2,Total,11,10,1,0,0
391,2017,April,Intermediate,3,Open,7,5,0,2,0
392,2017,April,Intermediate,3,Partial,12,12,0,0,0
393,2017,April,Intermediate,3,Total,19,15,4,0,0
394,2017,April,Intermediate,1,Open,1,1,0,0,0
395,2017,April,Intermediate,1,Partial,5,5,0,0,0
396,2017,April,Intermediate,1,Total,8,8,0,0,0
397,2017,April,Mesic,2,Open,4,4,0,0,0
398,2017,April,Mesic,2,Partial,2,1,1,0,0
399,2017,April,Mesic,2,Total,4,4,0,0,0
400,2017,April,Mesic,3,Open,1,1,0,0,0
401,2017,April,Mesic,3,Partial,6,5,1,0,0
402,2017,April,Mesic,3,Total,12,10,2,0,0
403,2017,April,Mesic,1,Open,1,1,0,0,0
404,2017,April,Mesic,1,Partial,3,3,0,0,0
405,2017,April,Mesic,1,Total,5,5,0,0,0
406,2017,May,Mesic,1,Open,1,1,0,0,0
407,2017,May,Mesic,1,Partial,6,6,0,0,0
408,2017,May,Mesic,1,Total,11,11,0,0,0
409,2017,May,Mesic,2,Open,4,2,2,0,0
410,2017,May,Mesic,2,Partial,2,2,0,0,0
411,2017,May,Mesic,2,Total,4,4,0,0,0
412,2017,May,Mesic,3,Open,2,2,0,0,0
413,2017,May,Mesic,3,Partial,10,10,0,0,0
414,2017,May,Mesic,3,Total,12,12,0,0,0
415,2017,May,Arid,1,Open,0,0,0,0,0
416,2017,May,Arid,1,Partial,1,1,0,0,0
417,2017,May,Arid,1,Total,2,2,0,0,0
418,2017,May,Arid,2,Open,1,1,0,0,0
419,2017,May,Arid,2,Partial,3,3,0,0,0
420,2017,May,Arid,2,Total,2,2,0,0,0
421,2017,May,Arid,3,Open,0,0,0,0,0
422,2017,May,Arid,3,Partial,3,3,0,0,0
423,2017,May,Arid,3,Total,4,4,0,0,0
424,2017,May,Intermediate,1,Open,1,1,0,0,0
425,2017,May,Intermediate,1,Partial,1,1,0,0,0
426,2017,May,Intermediate,1,Total,3,3,0,0,0
427,2017,May,Intermediate,2,Open,8,8,0,0,0
428,2017,May,Intermediate,2,Partial,3,2,1,0,0
429,2017,May,Intermediate,2,Total,16,14,2,0,0
430,2017,May,Intermediate,3,Open,18,18,0,0,0
431,2017,May,Intermediate,3,Partial,26,25,1,0,0
432,2017,May,Intermediate,3,Total,48,45,0,3,0
433,2017,May,Arid,1,Open,0,0,0,0,0
434,2017,May,Arid,1,Partial,3,3,0,0,0
435,2017,May,Arid,1,Total,3,2,1,0,0
436,2017,May,Arid,2,Open,0,0,0,0,0
437,2017,May,Arid,2,Partial,2,2,0,0,0
438,2017,May,Arid,2,Total,1,1,0,0,0
439,2017,May,Arid,3,Open,0,0,0,0,0
440,2017,May,Arid,3,Partial,0,0,0,0,0
441,2017,May,Arid,3,Total,0,0,0,0,0
442,2017,May,Intermediate,2,Open,6,6,0,0,0
443,2017,May,Intermediate,2,Partial,8,8,0,0,0
444,2017,May,Intermediate,2,Total,7,7,0,0,0
445,2017,May,Intermediate,3,Open,11,11,0,0,0
446,2017,May,Intermediate,3,Partial,23,23,0,0,0
447,2017,May,Intermediate,3,Total,39,39,0,0,0
448,2017,May,Intermediate,1,Open,0,0,0,0,0
449,2017,May,Intermediate,1,Partial,2,2,0,0,0
450,2017,May,Intermediate,1,Total,8,8,0,0,0
451,2017,May,Mesic,1,Open,1,1,0,0,0
452,2017,May,Mesic,1,Partial,4,4,0,0,0
453,2017,May,Mesic,1,Total,5,5,0,0,0
454,2017,May,Mesic,2,Open,6,6,0,0,0
455,2017,May,Mesic,2,Partial,3,3,0,0,0
456,2017,May,Mesic,2,Total,6,6,0,0,0
457,2017,May,Mesic,3,Open,2,2,0,0,0
458,2017,May,Mesic,3,Partial,8,8,0,0,0
459,2017,May,Mesic,3,Total,9,7,2,0,0
460,2017,June,Arid,1,Open,0,0,0,0,0
461,2017,June,Arid,1,Partial,0,0,0,0,0
462,2017,June,Arid,1,Total,0,0,0,0,0
463,2017,June,Arid,2,Open,0,0,0,0,0
464,2017,June,Arid,2,Partial,0,0,0,0,0
465,2017,June,Arid,2,Total,0,0,0,0,0
466,2017,June,Arid,3,Open,0,0,0,0,0
467,2017,June,Arid,3,Partial,0,0,0,0,0
468,2017,June,Arid,3,Total,0,0,0,0,0
469,2017,June,Intermediate,2,Open,1,1,0,0,0
470,2017,June,Intermediate,2,Partial,8,8,0,0,0
471,2017,June,Intermediate,2,Total,11,10,1,0,0
472,2017,June,Intermediate,3,Open,1,1,0,0,0
473,2017,June,Intermediate,3,Partial,10,10,0,0,0
474,2017,June,Intermediate,3,Total,31,21,8,2,0
475,2017,June,Intermediate,1,Open,3,3,0,0,0
476,2017,June,Intermediate,1,Partial,2,2,0,0,0
477,2017,June,Intermediate,1,Total,2,2,0,0,0
478,2017,June,Mesic,1,Open,0,0,0,0,0
479,2017,June,Mesic,1,Partial,2,2,0,0,0
480,2017,June,Mesic,1,Total,4,4,0,0,0
481,2017,June,Mesic,2,Open,3,3,0,0,0
482,2017,June,Mesic,2,Partial,5,5,0,0,0
483,2017,June,Mesic,2,Total,6,6,0,0,0
484,2017,June,Mesic,3,Open,6,6,0,0,0
485,2017,June,Mesic,3,Partial,7,6,0,1,0
486,2017,June,Mesic,3,Total,8,8,0,0,0
487,2017,July,Arid,1,Open,0,0,0,0,0
488,2017,July,Arid,1,Partial,0,0,0,0,0
489,2017,July,Arid,1,Total,0,0,0,0,0
490,2017,July,Arid,2,Open,0,0,0,0,0
491,2017,July,Arid,2,Partial,0,0,0,0,0
492,2017,July,Arid,2,Total,0,0,0,0,0
493,2017,July,Arid,3,Open,0,0,0,0,0
494,2017,July,Arid,3,Partial,0,0,0,0,0
495,2017,July,Arid,3,Total,0,0,0,0,0
496,2017,July,Intermediate,1,Total,2,2,0,0,0
497,2017,July,Intermediate,2,Open,1,1,0,0,0
498,2017,July,Intermediate,2,Partial,4,4,0,0,0
499,2017,July,Intermediate,2,Total,2,1,0,1,0
500,2017,July,Intermediate,3,Open,1,1,0,0,0
501,2017,July,Intermediate,3,Partial,6,6,0,0,0
502,2017,July,Intermediate,3,Total,8,8,0,0,0
503,2017,July,Intermediate,1,Open,0,0,0,0,0
504,2017,July,Intermediate,1,Partial,0,0,0,0,0
505,2017,July,Mesic,1,Open,0,0,0,0,0
506,2017,July,Mesic,1,Partial,6,6,0,0,0
507,2017,July,Mesic,1,Total,4,2,1,1,0
508,2017,July,Mesic,2,Open,2,2,0,0,0
509,2017,July,Mesic,2,Partial,5,5,0,0,0
510,2017,July,Mesic,2,Total,2,2,0,0,0
511,2017,July,Mesic,3,Open,1,1,0,0,0
512,2017,July,Mesic,3,Partial,3,1,2,0,0
513,2017,July,Mesic,3,Total,6,6,0,0,0
514,2017,August,Arid,1,Open,0,0,0,0,0
515,2017,August,Arid,1,Partial,0,0,0,0,0
516,2017,August,Arid,1,Total,0,0,0,0,0
517,2017,August,Arid,2,Open,0,0,0,0,0
518,2017,August,Arid,2,Partial,0,0,0,0,0
519,2017,August,Arid,2,Total,0,0,0,0,0
520,2017,August,Arid,3,Open,0,0,0,0,0
521,2017,August,Arid,3,Partial,0,0,0,0,0
522,2017,August,Arid,3,Total,0,0,0,0,0
523,2017,August,Intermediate,1,Total,0,0,0,0,0
524,2017,August,Intermediate,2,Open,0,0,0,0,0
525,2017,August,Intermediate,2,Partial,0,0,0,0,0
526,2017,August,Intermediate,2,Total,0,0,0,0,0
527,2017,August,Intermediate,3,Open,0,0,0,0,0
528,2017,August,Intermediate,3,Partial,0,0,0,0,0
529,2017,August,Intermediate,3,Total,0,0,0,0,0
530,2017,August,Intermediate,1,Open,0,0,0,0,0
531,2017,August,Intermediate,1,Partial,0,0,0,0,0
532,2017,August,Mesic,1,Open,0,0,0,0,0
533,2017,August,Mesic,1,Partial,0,0,0,0,0
534,2017,August,Mesic,1,Total,0,0,0,0,0
535,2017,August,Mesic,2,Open,0,0,0,0,0
536,2017,August,Mesic,2,Partial,0,0,0,0,0
537,2017,August,Mesic,2,Total,0,0,0,0,0
538,2017,August,Mesic,3,Open,0,0,0,0,0
539,2017,August,Mesic,3,Partial,0,0,0,0,0
540,2017,August,Mesic,3,Total,0,0,0,0,0
541,2017,September,Arid,1,Open,0,0,0,0,0
542,2017,September,Arid,1,Partial,0,0,0,0,0
543,2017,September,Arid,1,Total,0,0,0,0,0
544,2017,September,Arid,2,Open,0,0,0,0,0
545,2017,September,Arid,2,Partial,0,0,0,0,0
546,2017,September,Arid,2,Total,0,0,0,0,0
547,2017,September,Arid,3,Open,0,0,0,0,0
548,2017,September,Arid,3,Partial,0,0,0,0,0
549,2017,September,Arid,3,Total,0,0,0,0,0
550,2017,September,Intermediate,1,Total,0,0,0,0,0
551,2017,September,Intermediate,2,Open,0,0,0,0,0
552,2017,September,Intermediate,2,Partial,0,0,0,0,0
553,2017,September,Intermediate,2,Total,0,0,0,0,0
554,2017,September,Intermediate,3,Open,0,0,0,0,0
555,2017,September,Intermediate,3,Partial,0,0,0,0,0
556,2017,September,Intermediate,3,Total,0,0,0,0,0
557,2017,September,Intermediate,1,Open,0,0,0,0,0
558,2017,September,Intermediate,1,Partial,0,0,0,0,0
559,2017,September,Mesic,1,Open,0,0,0,0,0
560,2017,September,Mesic,1,Partial,0,0,0,0,0
561,2017,September,Mesic,1,Total,0,0,0,0,0
562,2017,September,Mesic,2,Open,0,0,0,0,0
563,2017,September,Mesic,2,Partial,0,0,0,0,0
564,2017,September,Mesic,2,Total,0,0,0,0,0
565,2017,September,Mesic,3,Open,0,0,0,0,0
566,2017,September,Mesic,3,Partial,0,0,0,0,0
567,2017,September,Mesic,3,Total,0,0,0,0,0
568,2017,October,Arid,1,Open,0,0,0,0,0
569,2017,October,Arid,1,Partial,2,1,1,0,0
570,2017,October,Arid,1,Total,3,3,0,0,0
571,2017,October,Arid,2,Open,0,0,0,0,0
572,2017,October,Arid,2,Partial,1,1,0,0,0
573,2017,October,Arid,2,Total,1,1,0,0,0
574,2017,October,Arid,3,Open,0,0,0,0,0
575,2017,October,Arid,3,Partial,1,1,0,0,0
576,2017,October,Arid,3,Total,2,1,1,0,0
577,2017,October,Intermediate,1,Total,5,5,0,0,0
578,2017,October,Intermediate,1,Open,2,2,0,0,0
579,2017,October,Intermediate,1,Partial,12,12,0,0,0
580,2017,October,Intermediate,2,Open,1,0,1,0,0
581,2017,October,Intermediate,2,Partial,2,2,0,0,0
582,2017,October,Intermediate,2,Total,15,14,1,0,0
583,2017,October,Intermediate,3,Open,4,2,2,0,0
584,2017,October,Intermediate,3,Partial,6,6,0,0,0
585,2017,October,Intermediate,3,Total,18,14,4,0,0
586,2017,October,Mesic,1,Open,0,0,0,0,0
587,2017,October,Mesic,1,Partial,4,2,2,0,0
588,2017,October,Mesic,1,Total,5,4,1,0,0
589,2017,October,Mesic,2,Open,1,1,0,0,0
590,2017,October,Mesic,2,Partial,3,2,1,0,0
591,2017,October,Mesic,2,Total,3,3,0,0,0
592,2017,October,Mesic,3,Open,2,0,2,0,0
593,2017,October,Mesic,3,Partial,7,4,3,0,0
594,2017,October,Mesic,3,Total,6,3,3,0,0
595,2017,November,Arid,1,Open,0,0,0,0,0
596,2017,November,Arid,1,Partial,1,1,0,0,0
597,2017,November,Arid,1,Total,2,2,0,0,0
598,2017,November,Arid,2,Open,0,0,0,0,0
599,2017,November,Arid,2,Partial,2,1,1,0,0
600,2017,November,Arid,2,Total,3,3,0,0,0
601,2017,November,Arid,3,Open,0,0,0,0,0
602,2017,November,Arid,3,Partial,3,1,2,0,0
603,2017,November,Arid,3,Total,4,2,2,0,0
604,2017,November,Intermediate,1,Total,4,2,2,0,0
605,2017,November,Intermediate,1,Open,9,8,1,0,0
606,2017,November,Intermediate,1,Partial,2,2,0,0,0
607,2017,November,Intermediate,2,Open,3,3,0,0,0
608,2017,November,Intermediate,2,Partial,9,7,2,0,0
609,2017,November,Intermediate,2,Total,12,9,3,0,0
610,2017,November,Intermediate,3,Open,4,1,3,0,0
611,2017,November,Intermediate,3,Partial,8,7,0,1,0
612,2017,November,Intermediate,3,Total,11,9,2,0,0
613,2017,November,Mesic,1,Open,0,0,0,0,0
614,2017,November,Mesic,1,Partial,3,1,2,0,0
615,2017,November,Mesic,1,Total,4,3,1,0,0
616,2017,November,Mesic,2,Open,0,0,0,0,0
617,2017,November,Mesic,2,Partial,0,0,0,0,0
618,2017,November,Mesic,2,Total,0,0,0,0,0
619,2017,November,Mesic,3,Open,0,0,0,0,0
620,2017,November,Mesic,3,Partial,2,2,0,0,0
621,2017,November,Mesic,3,Total,2,2,0,0,0
622,2017,December,Arid,1,Open,0,0,0,0,0
623,2017,December,Arid,1,Partial,0,0,0,0,0
624,2017,December,Arid,1,Total,0,0,0,0,0
625,2017,December,Arid,2,Open,0,0,0,0,0
626,2017,December,Arid,2,Partial,0,0,0,0,0
627,2017,December,Arid,2,Total,0,0,0,0,0
628,2017,December,Arid,3,Open,0,0,0,0,0
629,2017,December,Arid,3,Partial,0,0,0,0,0
630,2017,December,Arid,3,Total,0,0,0,0,0
631,2017,December,Intermediate,2,Open,0,0,0,0,0
632,2017,December,Intermediate,2,Partial,0,0,0,0,0
633,2017,December,Intermediate,2,Total,0,0,0,0,0
634,2017,December,Intermediate,3,Open,0,0,0,0,0
635,2017,December,Intermediate,3,Partial,0,0,0,0,0
636,2017,December,Intermediate,3,Total,0,0,0,0,0
637,2017,December,Intermediate,1,Open,0,0,0,0,0
638,2017,December,Intermediate,1,Partial,0,0,0,0,0
639,2017,December,Intermediate,1,Total,0,0,0,0,0
640,2017,December,Mesic,1,Open,0,0,0,0,0
641,2017,December,Mesic,1,Partial,0,0,0,0,0
642,2017,December,Mesic,1,Total,0,0,0,0,0
643,2017,December,Mesic,2,Open,0,0,0,0,0
644,2017,December,Mesic,2,Partial,0,0,0,0,0
645,2017,December,Mesic,2,Total,0,0,0,0,0
646,2017,December,Mesic,3,Open,0,0,0,0,0
647,2017,December,Mesic,3,Partial,0,0,0,0,0
648,2017,December,Mesic,3,Total,0,0,0,0,0
649,2018,January,Arid,2,Open,0,0,0,0,#N/A
650,2018,January,Arid,2,Partial,0,0,0,0,#N/A
651,2018,January,Arid,2,Total,0,0,0,0,#N/A
652,2018,January,Arid,1,Open,0,0,0,0,#N/A
653,2018,January,Arid,1,Partial,0,0,0,0,#N/A
654,2018,January,Arid,1,Total,0,0,0,0,#N/A
655,2018,January,Arid,3,Open,0,0,0,0,#N/A
656,2018,January,Arid,3,Partial,0,0,0,0,#N/A
657,2018,January,Arid,3,Total,0,0,0,0,#N/A
658,2018,January,Intermediate,3,Open,0,0,0,0,#N/A
659,2018,January,Intermediate,3,Partial,0,0,0,0,#N/A
660,2018,January,Intermediate,3,Total,0,0,0,0,#N/A
661,2018,January,Intermediate,2,Open,0,0,0,0,#N/A
662,2018,January,Intermediate,2,Total,0,0,0,0,#N/A
663,2018,January,Intermediate,2,Partial,0,0,0,0,#N/A
664,2018,January,Intermediate,1,Total,0,0,0,0,#N/A
665,2018,January,Intermediate,1,Open,0,0,0,0,#N/A
666,2018,January,Intermediate,1,Partial,0,0,0,0,#N/A
667,2018,January,Mesic,1,Total,0,0,0,0,#N/A
668,2018,January,Mesic,1,Partial,0,0,0,0,#N/A
669,2018,January,Mesic,1,Open,0,0,0,0,#N/A
670,2018,January,Mesic,2,Total,0,0,0,0,#N/A
671,2018,January,Mesic,2,Partial,0,0,0,0,#N/A
672,2018,January,Mesic,2,Open,0,0,0,0,#N/A
673,2018,January,Mesic,3,Total,0,0,0,0,#N/A
674,2018,January,Mesic,3,Partial,0,0,0,0,#N/A
675,2018,January,Mesic,3,Open,0,0,0,0,#N/A
676,2018,February,Arid,1,Open,0,0,0,0,#N/A
677,2018,February,Arid,1,Partial,0,0,0,0,#N/A
678,2018,February,Arid,1,Total,1,0,1,0,#N/A
679,2018,February,Arid,2,Open,2,0,2,0,#N/A
680,2018,February,Arid,2,Partial,3,2,1,0,#N/A
681,2018,February,Arid,2,Total,2,1,1,0,#N/A
682,2018,February,Arid,3,Open,0,0,0,0,#N/A
683,2018,February,Arid,3,Partial,0,0,0,0,#N/A
684,2018,February,Arid,3,Total,0,0,0,0,#N/A
685,2018,February,Intermediate,1,Open,2,2,0,0,#N/A
686,2018,February,Intermediate,1,Partial,0,0,0,0,#N/A
687,2018,February,Intermediate,1,Total,2,1,1,0,#N/A
688,2018,February,Intermediate,2,Open,1,1,0,0,#N/A
689,2018,February,Intermediate,2,Partial,0,0,0,0,#N/A
690,2018,February,Intermediate,2,Total,3,2,1,0,#N/A
691,2018,February,Intermediate,3,Open,0,0,0,0,#N/A
692,2018,February,Intermediate,3,Partial,5,5,0,0,#N/A
693,2018,February,Intermediate,3,Total,3,3,0,0,#N/A
694,2018,February,Mesic,1,Open,0,0,0,0,#N/A
695,2018,February,Mesic,1,Partial,0,0,0,0,#N/A
696,2018,February,Mesic,1,Total,0,0,0,0,#N/A
697,2018,February,Mesic,2,Open,0,0,0,0,#N/A
698,2018,February,Mesic,2,Partial,0,0,0,0,#N/A
699,2018,February,Mesic,2,Total,0,0,0,0,#N/A
700,2018,February,Mesic,3,Open,0,0,0,0,#N/A
701,2018,February,Mesic,3,Partial,0,0,0,0,#N/A
702,2018,February,Mesic,3,Total,0,0,0,0,#N/A
703,2018,March,Arid,1,Open,0,0,0,0,#N/A
704,2018,March,Arid,1,Partial,1,0,1,0,#N/A
705,2018,March,Arid,1,Total,1,1,0,0,#N/A
706,2018,March,Arid,2,Open,0,0,0,0,#N/A
707,2018,March,Arid,2,Partial,3,2,1,0,#N/A
708,2018,March,Arid,2,Total,4,3,1,0,#N/A
709,2018,March,Arid,3,Open,0,0,0,0,#N/A
710,2018,March,Arid,3,Partial,2,2,0,0,#N/A
711,2018,March,Arid,3,Total,0,0,0,0,#N/A
712,2018,March,Intermediate,1,Open,0,0,0,0,#N/A
713,2018,March,Intermediate,1,Partial,0,0,0,0,#N/A
714,2018,March,Intermediate,1,Total,0,0,0,0,#N/A
715,2018,March,Intermediate,2,Open,0,0,0,0,#N/A
716,2018,March,Intermediate,2,Partial,1,1,0,0,#N/A
717,2018,March,Intermediate,2,Total,4,4,0,0,#N/A
718,2018,March,Intermediate,3,Open,5,5,0,0,#N/A
719,2018,March,Intermediate,3,Partial,7,7,0,0,#N/A
720,2018,March,Intermediate,3,Total,8,7,1,0,#N/A
721,2018,March,Mesic,1,Open,1,0,1,0,#N/A
722,2018,March,Mesic,1,Partial,2,2,0,0,#N/A
723,2018,March,Mesic,1,Total,2,2,0,0,#N/A
724,2018,March,Mesic,2,Open,0,0,0,0,#N/A
725,2018,March,Mesic,2,Partial,0,0,0,0,#N/A
726,2018,March,Mesic,2,Total,0,0,0,0,#N/A
727,2018,March,Mesic,3,Open,0,0,0,0,#N/A
728,2018,March,Mesic,3,Partial,2,1,1,0,#N/A
729,2018,March,Mesic,3,Total,0,0,0,0,#N/A
730,2018,April,Arid,1,Open,1,0,0,0,#N/A
731,2018,April,Arid,1,Partial,3,3,0,0,#N/A
732,2018,April,Arid,1,Total,3,2,0,1,#N/A
733,2018,April,Arid,2,Open,1,1,0,0,#N/A
734,2018,April,Arid,2,Partial,1,0,1,0,#N/A
735,2018,April,Arid,2,Total,4,2,2,0,#N/A
736,2018,April,Arid,3,Open,0,0,0,0,#N/A
737,2018,April,Arid,3,Partial,3,3,0,0,#N/A
738,2018,April,Arid,3,Total,1,1,0,0,#N/A
739,2018,April,Intermediate,1,Open,1,1,0,0,#N/A
740,2018,April,Intermediate,1,Total,0,0,0,0,#N/A
741,2018,April,Intermediate,1,Partial,5,5,0,0,#N/A
742,2018,April,Intermediate,2,Open,3,3,0,0,#N/A
743,2018,April,Intermediate,2,Partial,9,9,0,0,#N/A
744,2018,April,Intermediate,2,Total,11,11,0,0,#N/A
745,2018,April,Intermediate,3,Open,0,0,0,0,#N/A
746,2018,April,Intermediate,3,Partial,12,11,1,0,#N/A
747,2018,April,Intermediate,3,Total,19,18,0,1,#N/A
748,2018,April,Mesic,1,Open,1,1,0,0,#N/A
749,2018,April,Mesic,1,Partial,3,3,0,0,#N/A
750,2018,April,Mesic,1,Total,0,0,0,0,#N/A
751,2018,April,Mesic,2,Open,0,0,0,0,#N/A
752,2018,April,Mesic,2,Partial,1,1,0,0,#N/A
753,2018,April,Mesic,2,Total,1,1,0,0,#N/A
754,2018,April,Mesic,3,Open,1,1,0,0,#N/A
755,2018,April,Mesic,3,Partial,2,2,0,0,#N/A
756,2018,April,Mesic,3,Total,3,3,0,0,#N/A
757,2018,April,Arid,1,Open,2,2,0,0,#N/A
758,2018,April,Arid,1,Partial,0,0,0,0,#N/A
759,2018,April,Arid,1,Total,0,0,0,0,#N/A
760,2018,April,Arid,2,Open,0,0,0,0,#N/A
761,2018,April,Arid,2,Partial,0,0,0,0,#N/A
762,2018,April,Arid,2,Total,0,0,0,0,#N/A
763,2018,April,Arid,3,Open,0,0,0,0,#N/A
764,2018,April,Arid,3,Partial,0,0,0,0,#N/A
765,2018,April,Arid,3,Total,0,0,0,0,#N/A
766,2018,April,Intermediate,1,Open,1,1,0,0,#N/A
767,2018,April,Intermediate,1,Partial,3,3,0,0,#N/A
768,2018,April,Intermediate,1,Total,2,2,0,0,#N/A
769,2018,April,Intermediate,2,Open,8,6,2,0,#N/A
770,2018,April,Intermediate,2,Partial,4,2,2,0,#N/A
771,2018,April,Intermediate,2,Total,15,15,0,0,#N/A
772,2018,April,Intermediate,3,Open,8,8,0,0,#N/A
773,2018,April,Intermediate,3,Partial,14,13,0,1,#N/A
774,2018,April,Intermediate,3,Total,20,17,2,1,#N/A
775,2018,April,Mesic,1,Open,2,1,1,0,#N/A
776,2018,April,Mesic,1,Partial,3,2,1,0,#N/A
777,2018,April,Mesic,1,Total,2,2,0,0,#N/A
778,2018,April,Mesic,2,Open,0,0,0,0,#N/A
779,2018,April,Mesic,2,Partial,4,3,0,1,#N/A
780,2018,April,Mesic,2,Total,5,5,0,0,#N/A
781,2018,April,Mesic,3,Open,1,1,0,0,#N/A
782,2018,April,Mesic,3,Partial,3,3,0,0,#N/A
783,2018,April,Mesic,3,Total,6,6,0,0,#N/A
784,2018,April,Arid,1,Open,0,0,0,0,#N/A
785,2018,April,Arid,1,Partial,2,1,1,0,#N/A
786,2018,April,Arid,1,Total,2,0,2,0,#N/A
787,2018,April,Arid,2,Open,0,0,0,0,#N/A
788,2018,April,Arid,2,Partial,1,1,0,0,#N/A
789,2018,April,Arid,2,Total,1,0,1,0,#N/A
790,2018,April,Arid,3,Open,0,1,0,0,#N/A
791,2018,April,Arid,3,Partial,1,1,0,0,#N/A
792,2018,April,Arid,3,Total,2,1,1,0,#N/A
793,2018,April,Intermediate,1,Total,1,1,0,0,#N/A
794,2018,April,Intermediate,1,Open,1,1,0,0,#N/A
795,2018,April,Intermediate,1,Partial,1,1,0,0,#N/A
796,2018,April,Intermediate,2,Open,4,4,0,0,#N/A
797,2018,April,Intermediate,2,Total,11,7,2,2,#N/A
798,2018,April,Intermediate,2,Partial,0,0,0,0,#N/A
799,2018,April,Intermediate,3,Open,3,3,0,0,#N/A
800,2018,April,Intermediate,3,Partial,7,7,0,0,#N/A
801,2018,April,Intermediate,3,Total,14,13,1,0,#N/A
802,2018,April,Mesic,1,Total,3,1,0,2,#N/A
803,2018,April,Mesic,1,Partial,4,2,1,1,#N/A
804,2018,April,Mesic,1,Open,1,1,0,0,#N/A
805,2018,April,Mesic,2,Total,3,3,0,0,#N/A
806,2018,April,Mesic,2,Partial,2,2,0,0,#N/A
807,2018,April,Mesic,2,Open,0,0,0,0,#N/A
808,2018,April,Mesic,3,Total,6,5,1,0,#N/A
809,2018,April,Mesic,3,Partial,1,0,1,0,#N/A
810,2018,April,Mesic,3,Open,1,1,0,0,#N/A
811,2018,May,Mesic,1,Open,0,0,0,0,#N/A
812,2018,May,Mesic,1,Partial,5,5,0,0,#N/A
813,2018,May,Mesic,1,Total,2,2,0,0,#N/A
814,2018,May,Mesic,2,Open,1,1,0,0,#N/A
815,2018,May,Mesic,2,Partial,2,1,1,0,#N/A
816,2018,May,Mesic,2,Total,1,1,0,0,#N/A
817,2018,May,Mesic,3,Open,1,0,1,0,#N/A
818,2018,May,Mesic,3,Partial,1,1,0,0,#N/A
819,2018,May,Mesic,3,Total,3,3,0,0,#N/A
820,2018,May,Intermediate,1,Total,2,1,1,0,#N/A
821,2018,May,Intermediate,1,Open,0,0,0,0,#N/A
822,2018,May,Intermediate,1,Partial,0,0,0,0,#N/A
823,2018,May,Intermediate,2,Open,6,6,0,0,#N/A
824,2018,May,Intermediate,2,Partial,1,0,0,1,#N/A
825,2018,May,Intermediate,2,Total,11,10,1,0,#N/A
826,2018,May,Intermediate,3,Open,3,3,0,0,#N/A
827,2018,May,Intermediate,3,Partial,9,8,1,0,#N/A
828,2018,May,Intermediate,3,Total,16,16,0,0,#N/A
829,2018,May,Arid,1,Open,0,0,0,0,#N/A
830,2018,May,Arid,1,Partial,0,0,0,0,#N/A
831,2018,May,Arid,1,Total,0,0,0,0,#N/A
832,2018,May,Arid,2,Open,0,0,0,0,#N/A
833,2018,May,Arid,2,Partial,0,0,0,0,#N/A
834,2018,May,Arid,2,Total,0,0,0,0,#N/A
835,2018,May,Arid,3,Open,0,0,0,0,#N/A
836,2018,May,Arid,3,Partial,0,0,0,0,#N/A
837,2018,May,Arid,3,Total,0,0,0,0,#N/A
838,2018,May,Mesic,1,Open,1,1,0,0,#N/A
839,2018,May,Mesic,1,Partial,4,4,0,0,#N/A
840,2018,May,Mesic,1,Total,4,3,1,0,#N/A
841,2018,May,Mesic,2,Open,0,0,0,0,#N/A
842,2018,May,Mesic,2,Partial,2,2,0,0,#N/A
843,2018,May,Mesic,2,Total,0,0,0,0,#N/A
844,2018,May,Mesic,3,Open,2,2,0,0,#N/A
845,2018,May,Mesic,3,Partial,1,1,0,0,#N/A
846,2018,May,Mesic,3,Total,5,5,0,0,#N/A
847,2018,May,Intermediate,1,Total,2,2,0,0,#N/A
848,2018,May,Intermediate,1,Open,1,1,0,0,#N/A
849,2018,May,Intermediate,1,Partial,4,4,0,0,#N/A
850,2018,May,Intermediate,2,Open,9,8,1,0,#N/A
851,2018,May,Intermediate,2,Partial,0,0,0,0,#N/A
852,2018,May,Intermediate,2,Total,14,12,2,0,#N/A
853,2018,May,Intermediate,3,Open,7,7,0,0,#N/A
854,2018,May,Intermediate,3,Partial,16,14,0,2,#N/A
855,2018,May,Intermediate,3,Total,24,23,0,1,#N/A
856,2018,May,Arid,1,Open,0,0,0,0,#N/A
857,2018,May,Arid,1,Partial,0,0,0,0,#N/A
858,2018,May,Arid,1,Total,0,0,0,0,#N/A
859,2018,May,Arid,2,Open,0,0,0,0,#N/A
860,2018,May,Arid,2,Partial,0,0,0,0,#N/A
861,2018,May,Arid,2,Total,0,0,0,0,#N/A
862,2018,May,Arid,3,Open,0,0,0,0,#N/A
863,2018,May,Arid,3,Partial,0,0,0,0,#N/A
864,2018,May,Arid,3,Total,0,0,0,0,#N/A
865,2018,June,Arid,1,Open,0,0,0,0,#N/A
866,2018,June,Arid,1,Partial,0,0,0,0,#N/A
867,2018,June,Arid,1,Total,0,0,0,0,#N/A
868,2018,June,Arid,2,Open,0,0,0,0,#N/A
869,2018,June,Arid,2,Partial,0,0,0,0,#N/A
870,2018,June,Arid,2,Total,0,0,0,0,#N/A
871,2018,June,Arid,3,Open,0,0,0,0,#N/A
872,2018,June,Arid,3,Partial,0,0,0,0,#N/A
873,2018,June,Arid,3,Total,0,0,0,0,#N/A
874,2018,June,Intermediate,1,Open,0,0,0,0,#N/A
875,2018,June,Intermediate,1,Partial,2,1,0,1,#N/A
876,2018,June,Intermediate,1,Total,4,3,0,1,#N/A
877,2018,June,Intermediate,2,Open,4,4,0,0,#N/A
878,2018,June,Intermediate,2,Partial,1,1,0,0,#N/A
879,2018,June,Intermediate,2,Total,8,6,0,2,#N/A
880,2018,June,Intermediate,3,Open,8,7,1,0,#N/A
881,2018,June,Intermediate,3,Partial,13,10,1,2,#N/A
882,2018,June,Intermediate,3,Total,17,14,0,3,#N/A
883,2018,June,Mesic,1,Open,0,0,0,0,#N/A
884,2018,June,Mesic,1,Partial,2,2,0,0,#N/A
885,2018,June,Mesic,1,Total,1,1,0,0,#N/A
886,2018,June,Mesic,2,Open,1,1,0,0,#N/A
887,2018,June,Mesic,2,Partial,4,4,0,0,#N/A
888,2018,June,Mesic,2,Total,6,5,0,1,#N/A
889,2018,June,Mesic,3,Open,5,5,0,0,#N/A
890,2018,June,Mesic,3,Partial,4,4,0,0,#N/A
891,2018,June,Mesic,3,Total,9,9,0,0,#N/A
892,2018,July,Arid,1,Open,0,0,0,0,#N/A
893,2018,July,Arid,1,Partial,0,0,0,0,#N/A
894,2018,July,Arid,1,Total,0,0,0,0,#N/A
895,2018,July,Arid,2,Open,0,0,0,0,#N/A
896,2018,July,Arid,2,Partial,0,0,0,0,#N/A
897,2018,July,Arid,2,Total,0,0,0,0,#N/A
898,2018,July,Arid,3,Open,0,0,0,0,#N/A
899,2018,July,Arid,3,Partial,0,0,0,0,#N/A
900,2018,July,Arid,3,Total,0,0,0,0,#N/A
901,2018,July,Intermediate,1,Total,1,1,0,0,#N/A
902,2018,July,Intermediate,1,Open,0,0,0,0,#N/A
903,2018,July,Intermediate,1,Partial,1,1,0,0,#N/A
904,2018,July,Intermediate,2,Open,2,2,0,0,#N/A
905,2018,July,Intermediate,2,Partial,0,0,0,0,#N/A
906,2018,July,Intermediate,2,Total,2,2,0,0,#N/A
907,2018,July,Intermediate,3,Open,2,2,0,0,#N/A
908,2018,July,Intermediate,3,Partial,5,4,0,1,#N/A
909,2018,July,Intermediate,3,Total,8,6,0,2,#N/A
910,2018,July,Mesic,1,Open,0,0,0,0,#N/A
911,2018,July,Mesic,1,Partial,1,1,0,0,#N/A
912,2018,July,Mesic,1,Total,1,1,0,0,#N/A
913,2018,July,Mesic,2,Open,0,0,0,0,#N/A
914,2018,July,Mesic,2,Partial,0,0,0,0,#N/A
915,2018,July,Mesic,2,Total,0,0,0,0,#N/A
916,2018,July,Mesic,3,Open,0,0,0,0,#N/A
917,2018,July,Mesic,3,Partial,1,1,0,0,#N/A
918,2018,July,Mesic,3,Total,0,0,0,0,#N/A
919,2018,August,Intermediate,1,Total,0,0,0,0,#N/A
920,2018,August,Intermediate,1,Open,0,0,0,0,#N/A
921,2018,August,Intermediate,1,Partial,0,0,0,0,#N/A
922,2018,August,Intermediate,2,Open,1,1,0,0,#N/A
923,2018,August,Intermediate,2,Partial,0,0,0,0,#N/A
924,2018,August,Intermediate,2,Total,0,0,0,0,#N/A
925,2018,August,Intermediate,3,Open,1,1,0,0,#N/A
926,2018,August,Intermediate,3,Partial,1,1,0,0,#N/A
927,2018,August,Intermediate,3,Total,2,2,0,0,#N/A
928,2018,August,Mesic,1,Open,0,0,0,0,#N/A
929,2018,August,Mesic,1,Partial,0,0,0,0,#N/A
930,2018,August,Mesic,1,Total,0,0,0,0,#N/A
931,2018,August,Mesic,2,Open,0,0,0,0,#N/A
932,2018,August,Mesic,2,Partial,0,0,0,0,#N/A
933,2018,August,Mesic,2,Total,0,0,0,0,#N/A
934,2018,August,Mesic,3,Open,0,0,0,0,#N/A
935,2018,August,Mesic,3,Partial,0,0,0,0,#N/A
936,2018,August,Mesic,3,Total,0,0,0,0,#N/A
937,2018,August,Arid,1,Open,0,0,0,0,#N/A
938,2018,August,Arid,1,Partial,0,0,0,0,#N/A
939,2018,August,Arid,1,Total,0,0,0,0,#N/A
940,2018,August,Arid,2,Open,0,0,0,0,#N/A
941,2018,August,Arid,2,Partial,0,0,0,0,#N/A
942,2018,August,Arid,2,Total,0,0,0,0,#N/A
943,2018,August,Arid,3,Open,0,0,0,0,#N/A
944,2018,August,Arid,3,Partial,0,0,0,0,#N/A
945,2018,August,Arid,3,Total,0,0,0,0,#N/A
946,2018,September,Mesic,1,Open,0,0,0,0,#N/A
947,2018,September,Mesic,1,Partial,0,0,0,0,#N/A
948,2018,September,Mesic,1,Total,0,0,0,0,#N/A
949,2018,September,Mesic,2,Open,0,0,0,0,#N/A
950,2018,September,Mesic,2,Partial,0,0,0,0,#N/A
951,2018,September,Mesic,2,Total,0,0,0,0,#N/A
952,2018,September,Mesic,3,Open,0,0,0,0,#N/A
953,2018,September,Mesic,3,Partial,0,0,0,0,#N/A
954,2018,September,Mesic,3,Total,0,0,0,0,#N/A
955,2018,September,Intermediate,1,Total,0,0,0,0,#N/A
956,2018,September,Intermediate,1,Open,0,0,0,0,#N/A
957,2018,September,Intermediate,1,Partial,0,0,0,0,#N/A
958,2018,September,Intermediate,2,Open,0,0,0,0,#N/A
959,2018,September,Intermediate,2,Partial,0,0,0,0,#N/A
960,2018,September,Intermediate,2,Total,0,0,0,0,#N/A
961,2018,September,Intermediate,3,Open,0,0,0,0,#N/A
962,2018,September,Intermediate,3,Partial,0,0,0,0,#N/A
963,2018,September,Intermediate,3,Total,0,0,0,0,#N/A
964,2018,September,Arid,1,Open,0,0,0,0,#N/A
965,2018,September,Arid,1,Partial,0,0,0,0,#N/A
966,2018,September,Arid,1,Total,0,0,0,0,#N/A
967,2018,September,Arid,2,Open,0,0,0,0,#N/A
968,2018,September,Arid,2,Partial,0,0,0,0,#N/A
969,2018,September,Arid,2,Total,0,0,0,0,#N/A
970,2018,September,Arid,3,Open,0,0,0,0,#N/A
971,2018,September,Arid,3,Partial,0,0,0,0,#N/A
972,2018,September,Arid,3,Total,0,0,0,0,#N/A
973,2018,October,Arid,1,Open,0,0,0,0,#N/A
974,2018,October,Arid,1,Partial,3,2,1,0,#N/A
975,2018,October,Arid,1,Total,5,3,2,0,#N/A
976,2018,October,Arid,2,Open,2,2,0,0,#N/A
977,2018,October,Arid,2,Partial,4,2,2,0,#N/A
978,2018,October,Arid,2,Total,5,4,0,1,#N/A
979,2018,October,Arid,3,Open,0,0,0,0,#N/A
980,2018,October,Arid,3,Partial,0,0,0,0,#N/A
981,2018,October,Arid,3,Total,0,0,0,0,#N/A
982,2018,October,Intermediate,1,Total,0,0,0,0,#N/A
983,2018,October,Intermediate,1,Open,0,0,0,0,#N/A
984,2018,October,Intermediate,1,Partial,0,0,0,0,#N/A
985,2018,October,Intermediate,2,Open,6,6,0,0,#N/A
986,2018,October,Intermediate,2,Partial,4,3,1,0,#N/A
987,2018,October,Intermediate,2,Total,10,8,1,1,#N/A
988,2018,October,Intermediate,3,Open,6,6,0,0,#N/A
989,2018,October,Intermediate,3,Partial,11,15,0,1,#N/A
990,2018,October,Intermediate,3,Total,16,14,0,2,#N/A
991,2018,October,Mesic,1,Open,1,1,0,0,#N/A
992,2018,October,Mesic,1,Partial,1,0,0,0,#N/A
993,2018,October,Mesic,1,Total,1,1,0,0,#N/A
994,2018,October,Mesic,2,Open,0,0,0,0,#N/A
995,2018,October,Mesic,2,Partial,4,4,0,0,#N/A
996,2018,October,Mesic,2,Total,3,1,0,2,#N/A
997,2018,October,Mesic,3,Open,0,0,0,0,#N/A
998,2018,October,Mesic,3,Partial,2,2,0,0,#N/A
999,2018,October,Mesic,3,Total,2,1,1,0,#N/A
1000,2018,November,Arid,1,Open,0,0,0,0,#N/A
1001,2018,November,Arid,1,Partial,0,0,0,0,#N/A
1002,2018,November,Arid,1,Total,2,2,0,0,#N/A
1003,2018,November,Arid,2,Open,0,0,0,0,#N/A
1004,2018,November,Arid,2,Partial,5,2,3,0,#N/A
1005,2018,November,Arid,2,Total,1,1,0,0,#N/A
1006,2018,November,Arid,3,Open,1,0,1,0,#N/A
1007,2018,November,Arid,3,Partial,1,1,0,0,#N/A
1008,2018,November,Arid,3,Total,1,0,1,0,#N/A
1009,2018,November,Intermediate,1,Total,4,1,2,1,#N/A
1010,2018,November,Intermediate,1,Open,0,0,0,0,#N/A
1011,2018,November,Intermediate,1,Partial,0,0,0,0,#N/A
1012,2018,November,Intermediate,2,Open,3,1,0,2,#N/A
1013,2018,November,Intermediate,2,Partial,0,0,0,0,#N/A
1014,2018,November,Intermediate,2,Total,5,4,1,0,#N/A
1015,2018,November,Intermediate,3,Open,6,4,2,0,#N/A
1016,2018,November,Intermediate,3,Partial,11,9,0,2,#N/A
1017,2018,November,Intermediate,3,Total,13,8,2,3,#N/A
1018,2018,November,Mesic,1,Open,1,1,0,0,#N/A
1019,2018,November,Mesic,1,Partial,4,2,1,1,#N/A
1020,2018,November,Mesic,1,Total,2,2,0,0,#N/A
1021,2018,November,Mesic,2,Open,0,0,0,0,#N/A
1022,2018,November,Mesic,2,Partial,1,0,1,0,#N/A
1023,2018,November,Mesic,2,Total,1,1,0,0,#N/A
1024,2018,November,Mesic,3,Open,1,1,0,0,#N/A
1025,2018,November,Mesic,3,Partial,3,1,2,0,#N/A
1026,2018,November,Mesic,3,Total,2,1,0,1,#N/A
1027,2018,December,Arid,1,Open,0,0,0,0,#N/A
1028,2018,December,Arid,1,Partial,0,0,0,0,#N/A
1029,2018,December,Arid,1,Total,1,1,0,0,#N/A
1030,2018,December,Arid,2,Open,0,0,0,0,#N/A
1031,2018,December,Arid,2,Partial,1,0,1,0,#N/A
1032,2018,December,Arid,2,Total,0,0,0,0,#N/A
1033,2018,December,Arid,3,Open,0,0,0,0,#N/A
1034,2018,December,Arid,3,Partial,1,1,0,0,#N/A
1035,2018,December,Arid,3,Total,0,0,0,0,#N/A
1036,2018,December,Intermediate,1,Open,1,0,1,0,#N/A
1037,2018,December,Intermediate,1,Partial,5,3,2,0,#N/A
1038,2018,December,Intermediate,1,Total,7,6,0,1,#N/A
1039,2018,December,Intermediate,2,Open,0,0,0,0,#N/A
1040,2018,December,Intermediate,2,Partial,0,0,0,0,#N/A
1041,2018,December,Intermediate,2,Total,0,0,0,0,#N/A
1042,2018,December,Intermediate,3,Open,1,1,0,0,#N/A
1043,2018,December,Intermediate,3,Partial,0,0,0,0,#N/A
1044,2018,December,Intermediate,3,Total,3,2,1,0,#N/A
1045,2018,December,Mesic,1,Open,0,0,0,0,#N/A
1046,2018,December,Mesic,1,Partial,1,0,1,0,#N/A
1047,2018,December,Mesic,1,Total,0,0,0,0,#N/A
1048,2018,December,Mesic,2,Open,0,0,0,0,#N/A
1049,2018,December,Mesic,2,Partial,0,0,0,0,#N/A
1050,2018,December,Mesic,2,Total,0,0,0,0,#N/A
1051,2018,December,Mesic,3,Open,0,0,0,0,#N/A
1052,2018,December,Mesic,3,Partial,1,1,0,0,#N/A
1053,2018,December,Mesic,3,Total,0,0,0,0,#N/A
1054,2019,January,Arid,2,Open,0,0,0,0,0
1055,2019,January,Arid,2,Partial,0,0,0,0,0
1056,2019,January,Arid,2,Total,0,0,0,0,0
1057,2019,January,Arid,1,Open,0,0,0,0,0
1058,2019,January,Arid,1,Partial,0,0,0,0,0
1059,2019,January,Arid,1,Total,0,0,0,0,0
1060,2019,January,Arid,3,Open,0,0,0,0,0
1061,2019,January,Arid,3,Partial,0,0,0,0,0
1062,2019,January,Arid,3,Total,0,0,0,0,0
1063,2019,January,Intermediate,3,Open,0,0,0,0,0
1064,2019,January,Intermediate,3,Partial,0,0,0,0,0
1065,2019,January,Intermediate,3,Total,0,0,0,0,0
1066,2019,January,Intermediate,2,Open,0,0,0,0,0
1067,2019,January,Intermediate,2,Total,0,0,0,0,0
1068,2019,January,Intermediate,2,Partial,0,0,0,0,0
1069,2019,January,Intermediate,1,Total,0,0,0,0,0
1070,2019,January,Intermediate,1,Open,0,0,0,0,0
1071,2019,January,Intermediate,1,Partial,0,0,0,0,0
1072,2019,January,Mesic,1,Total,0,0,0,0,0
1073,2019,January,Mesic,1,Partial,0,0,0,0,0
1074,2019,January,Mesic,1,Open,0,0,0,0,0
1075,2019,January,Mesic,2,Total,0,0,0,0,0
1076,2019,January,Mesic,2,Partial,0,0,0,0,0
1077,2019,January,Mesic,2,Open,0,0,0,0,0
1078,2019,January,Mesic,3,Total,0,0,0,0,0
1079,2019,January,Mesic,3,Partial,0,0,0,0,0
1080,2019,January,Mesic,3,Open,0,0,0,0,0
1081,2019,February,Intermediate,1,Open,0,0,0,0,0
1082,2019,February,Intermediate,1,Partial,0,0,0,0,0
1083,2019,February,Intermediate,1,Total,0,0,0,0,0
1084,2019,February,Intermediate,2,Open,0,0,0,0,0
1085,2019,February,Intermediate,2,Partial,0,0,0,0,0
1086,2019,February,Intermediate,2,Total,0,0,0,0,0
1087,2019,February,Intermediate,3,Open,0,0,0,0,0
1088,2019,February,Intermediate,3,Partial,1,1,0,0,0
1089,2019,February,Intermediate,3,Total,1,1,0,0,0
1090,2019,February,Mesic,1,Open,0,0,0,0,0
1091,2019,February,Mesic,1,Partial,0,0,0,0,0
1092,2019,February,Mesic,1,Total,0,0,0,0,0
1093,2019,February,Mesic,2,Open,0,0,0,0,0
1094,2019,February,Mesic,2,Partial,0,0,0,0,0
1095,2019,February,Mesic,2,Total,0,0,0,0,0
1096,2019,February,Mesic,3,Open,0,0,0,0,0
1097,2019,February,Mesic,3,Partial,0,0,0,0,0
1098,2019,February,Mesic,3,Total,0,0,0,0,0
1099,2019,February,Arid,1,Open,0,0,0,0,0
1100,2019,February,Arid,1,Partial,1,0,1,0,0
1101,2019,February,Arid,1,Total,1,1,0,0,0
1102,2019,February,Arid,2,Open,0,0,0,0,0
1103,2019,February,Arid,2,Partial,0,0,0,0,0
1104,2019,February,Arid,2,Total,1,1,0,0,0
1105,2019,February,Arid,3,Open,0,0,0,0,0
1106,2019,February,Arid,3,Partial,1,0,1,0,0
1107,2019,February,Arid,3,Total,0,0,0,0,0
1108,2019,March,Intermediate,1,Open,0,0,0,0,0
1109,2019,March,Intermediate,1,Partial,0,0,0,0,0
1110,2019,March,Intermediate,1,Total,0,0,0,0,0
1111,2019,March,Intermediate,2,Open,1,1,0,0,0
1112,2019,March,Intermediate,2,Partial,6,6,0,0,0
1113,2019,March,Intermediate,2,Total,5,5,0,0,0
1114,2019,March,Intermediate,3,Open,1,1,0,0,0
1115,2019,March,Intermediate,3,Partial,15,13,0,2,0
1116,2019,March,Intermediate,3,Total,12,12,0,0,0
1117,2019,March,Mesic,1,Open,0,0,0,0,0
1118,2019,March,Mesic,1,Partial,0,0,0,0,0
1119,2019,March,Mesic,1,Total,0,0,0,0,0
1120,2019,March,Mesic,2,Open,0,0,0,0,0
1121,2019,March,Mesic,2,Partial,0,0,0,0,0
1122,2019,March,Mesic,2,Total,0,0,0,0,0
1123,2019,March,Mesic,3,Open,0,0,0,0,0
1124,2019,March,Mesic,3,Partial,0,0,0,0,0
1125,2019,March,Mesic,3,Total,0,0,0,0,0
1126,2019,March,Arid,1,Open,0,0,0,0,0
1127,2019,March,Arid,1,Partial,2,1,1,0,0
1128,2019,March,Arid,1,Total,2,2,0,0,0
1129,2019,March,Arid,2,Open,0,0,0,0,0
1130,2019,March,Arid,2,Partial,6,5,1,0,0
1131,2019,March,Arid,2,Total,1,0,1,0,0
1132,2019,March,Arid,3,Open,0,0,0,0,0
1133,2019,March,Arid,3,Partial,1,1,0,0,0
1134,2019,March,Arid,3,Total,1,1,0,0,0
1135,2019,April,Intermediate,3,Open,35,35,0,0,0
1136,2019,April,Intermediate,3,Partial,38,37,1,0,0
1137,2019,April,Intermediate,3,Total,35,35,0,0,0
1138,2019,April,Intermediate,2,Open,9,9,0,0,0
1139,2019,April,Intermediate,2,Total,11,11,0,0,0
1140,2019,April,Intermediate,2,Partial,0,0,0,0,0
1141,2019,April,Intermediate,1,Total,3,3,0,0,0
1142,2019,April,Intermediate,1,Open,1,1,0,0,0
1143,2019,April,Intermediate,1,Partial,5,5,0,0,0
1144,2019,April,Mesic,1,Total,3,3,0,0,0
1145,2019,April,Mesic,1,Partial,7,7,0,0,0
1146,2019,April,Mesic,1,Open,6,6,0,0,0
1147,2019,April,Mesic,2,Total,0,0,0,0,0
1148,2019,April,Mesic,2,Partial,1,1,0,0,0
1149,2019,April,Mesic,2,Open,0,0,0,0,0
1150,2019,April,Mesic,3,Total,1,1,0,0,0
1151,2019,April,Mesic,3,Partial,0,0,0,0,0
1152,2019,April,Mesic,3,Open,0,0,0,0,0
1153,2019,April,Arid,2,Open,0,0,0,0,0
1154,2019,April,Arid,2,Partial,42,42,0,0,0
1155,2019,April,Arid,2,Total,8,8,0,0,0
1156,2019,April,Arid,1,Open,1,1,0,0,0
1157,2019,April,Arid,1,Partial,5,5,0,0,0
1158,2019,April,Arid,1,Total,4,4,0,0,0
1159,2019,April,Arid,3,Open,1,1,0,0,0
1160,2019,April,Arid,3,Partial,16,16,0,0,0
1161,2019,April,Arid,3,Total,1,1,0,0,0
1162,2019,April,Intermediate,2,Open,11,11,0,0,0
1163,2019,April,Intermediate,2,Partial,15,15,0,0,0
1164,2019,April,Intermediate,2,Total,1,1,0,0,0
1165,2019,April,Intermediate,3,Open,30,29,0,0,1
1166,2019,April,Intermediate,3,Partial,37,37,0,0,0
1167,2019,April,Intermediate,3,Total,53,53,0,0,0
1168,2019,April,Intermediate,1,Open,0,0,0,0,0
1169,2019,April,Intermediate,1,Partial,3,3,0,0,0
1170,2019,April,Intermediate,1,Total,0,0,0,0,0
1171,2019,April,Mesic,1,Open,4,4,0,0,0
1172,2019,April,Mesic,1,Partial,0,0,0,0,0
1173,2019,April,Mesic,1,Total,11,11,0,0,0
1174,2019,April,Mesic,2,Open,0,0,0,0,0
1175,2019,April,Mesic,2,Partial,0,0,0,0,0
1176,2019,April,Mesic,2,Total,0,0,0,0,0
1177,2019,April,Mesic,3,Open,0,0,0,0,0
1178,2019,April,Mesic,3,Partial,0,0,0,0,0
1179,2019,April,Mesic,3,Total,0,0,0,0,0
1180,2019,April,Arid,1,Open,1,1,0,0,0
1181,2019,April,Arid,1,Partial,0,0,0,0,0
1182,2019,April,Arid,1,Total,2,2,0,0,0
1183,2019,April,Arid,2,Open,0,0,0,0,0
1184,2019,April,Arid,2,Partial,31,31,0,0,0
1185,2019,April,Arid,2,Total,5,5,0,0,0
1186,2019,April,Arid,3,Open,0,0,0,0,0
1187,2019,April,Arid,3,Partial,3,3,0,0,0
1188,2019,April,Arid,3,Total,1,1,0,0,0
1189,2019,May,Mesic,1,Open,#N/A,#N/A,#N/A,#N/A,#N/A
1190,2019,May,Mesic,1,Partial,#N/A,#N/A,#N/A,#N/A,#N/A
1191,2019,May,Mesic,1,Total,#N/A,#N/A,#N/A,#N/A,#N/A
1192,2019,May,Mesic,2,Open,#N/A,#N/A,#N/A,#N/A,#N/A
1193,2019,May,Mesic,2,Partial,#N/A,#N/A,#N/A,#N/A,#N/A
1194,2019,May,Mesic,2,Total,#N/A,#N/A,#N/A,#N/A,#N/A
1195,2019,May,Mesic,3,Open,#N/A,#N/A,#N/A,#N/A,#N/A
1196,2019,May,Mesic,3,Partial,#N/A,#N/A,#N/A,#N/A,#N/A
1197,2019,May,Mesic,3,Total,#N/A,#N/A,#N/A,#N/A,#N/A
1198,2019,May,Intermediate,1,Total,0,0,0,0,0
1199,2019,May,Intermediate,2,Open,9,9,0,0,0
1200,2019,May,Intermediate,2,Partial,1,1,0,0,0
1201,2019,May,Intermediate,2,Total,0,0,0,0,0
1202,2019,May,Intermediate,3,Open,6,6,0,0,0
1203,2019,May,Intermediate,3,Partial,11,11,0,0,0
1204,2019,May,Intermediate,3,Total,19,19,0,0,0
1205,2019,May,Intermediate,1,Open,1,1,0,0,0
1206,2019,May,Intermediate,1,Partial,2,2,0,0,0
1207,2019,May,Arid,1,Open,0,0,0,0,0
1208,2019,May,Arid,1,Partial,2,2,0,0,0
1209,2019,May,Arid,1,Total,1,1,0,0,0
1210,2019,May,Arid,2,Open,0,0,0,0,0
1211,2019,May,Arid,2,Partial,0,0,0,0,0
1212,2019,May,Arid,2,Total,0,0,0,0,0
1213,2019,May,Arid,3,Open,0,0,0,0,0
1214,2019,May,Arid,3,Partial,0,0,0,0,0
1215,2019,May,Arid,3,Total,0,0,0,0,0
1216,2019,May,Mesic,1,Open,1,1,0,0,0
1217,2019,May,Mesic,1,Partial,8,8,0,0,0
1218,2019,May,Mesic,1,Total,3,3,0,0,0
1219,2019,May,Mesic,2,Open,3,3,0,0,0
1220,2019,May,Mesic,2,Partial,5,5,0,0,0
1221,2019,May,Mesic,2,Total,3,3,0,0,0
1222,2019,May,Mesic,3,Open,5,5,0,0,0
1223,2019,May,Mesic,3,Partial,0,0,0,0,0
1224,2019,May,Mesic,3,Total,1,1,0,0,0
1225,2019,May,Intermediate,1,Total,0,0,0,0,0
1226,2019,May,Intermediate,2,Open,6,6,0,0,0
1227,2019,May,Intermediate,2,Partial,2,2,0,0,0
1228,2019,May,Intermediate,2,Total,0,0,0,0,0
1229,2019,May,Intermediate,3,Open,0,0,0,0,0
1230,2019,May,Intermediate,3,Partial,0,0,0,0,0
1231,2019,May,Intermediate,3,Total,0,0,0,0,0
1232,2019,May,Intermediate,1,Open,0,0,0,0,0
1233,2019,May,Intermediate,1,Partial,0,0,0,0,0
1234,2019,June,Mesic,1,Open,4,4,0,0,0
1235,2019,June,Mesic,1,Partial,3,3,0,0,0
1236,2019,June,Mesic,1,Total,3,3,0,0,0
1237,2019,June,Mesic,2,Open,2,2,0,0,0
1238,2019,June,Mesic,2,Partial,6,6,0,0,0
1239,2019,June,Mesic,2,Total,1,1,0,0,0
1240,2019,June,Mesic,3,Open,1,1,0,0,0
1241,2019,June,Mesic,3,Partial,4,4,0,0,0
1242,2019,June,Mesic,3,Total,2,2,0,0,0
1243,2019,June,Intermediate,1,Total,1,1,0,0,0
1244,2019,June,Intermediate,2,Open,7,7,0,0,0
1245,2019,June,Intermediate,2,Partial,5,5,0,0,0
1246,2019,June,Intermediate,2,Total,6,6,0,0,0
1247,2019,June,Intermediate,3,Open,9,9,0,0,0
1248,2019,June,Intermediate,3,Partial,11,10,0,1,0
1249,2019,June,Intermediate,3,Total,14,14,0,0,0
1250,2019,June,Intermediate,1,Open,1,1,0,0,0
1251,2019,June,Intermediate,1,Partial,4,4,0,0,0
1252,2019,June,Arid,1,Open,#N/A,#N/A,#N/A,#N/A,#N/A
1253,2019,June,Arid,1,Partial,#N/A,#N/A,#N/A,#N/A,#N/A
1254,2019,June,Arid,1,Total,#N/A,#N/A,#N/A,#N/A,#N/A
1255,2019,June,Arid,2,Open,#N/A,#N/A,#N/A,#N/A,#N/A
1256,2019,June,Arid,2,Partial,#N/A,#N/A,#N/A,#N/A,#N/A
1257,2019,June,Arid,2,Total,#N/A,#N/A,#N/A,#N/A,#N/A
1258,2019,June,Arid,3,Open,#N/A,#N/A,#N/A,#N/A,#N/A
1259,2019,June,Arid,3,Partial,#N/A,#N/A,#N/A,#N/A,#N/A
1260,2019,June,Arid,3,Total,#N/A,#N/A,#N/A,#N/A,#N/A
1261,2019,June,Mesic,1,Open,0,0,0,0,0
1262,2019,June,Mesic,1,Partial,0,0,0,0,0
1263,2019,June,Mesic,1,Total,0,0,0,0,0
1264,2019,June,Mesic,2,Open,5,5,0,0,0
1265,2019,June,Mesic,2,Partial,0,0,0,0,0
1266,2019,June,Mesic,2,Total,2,2,0,0,0
1267,2019,June,Mesic,3,Open,2,2,0,0,0
1268,2019,June,Mesic,3,Partial,6,6,0,0,0
1269,2019,June,Mesic,3,Total,5,5,0,0,0
1270,2019,June,Intermediate,1,Total,0,0,0,0,0
1271,2019,June,Intermediate,2,Open,0,0,0,0,0
1272,2019,June,Intermediate,2,Partial,7,7,0,0,0
1273,2019,June,Intermediate,2,Total,3,3,0,0,0
1274,2019,June,Intermediate,3,Open,4,4,0,0,0
1275,2019,June,Intermediate,3,Partial,18,18,0,0,0
1276,2019,June,Intermediate,3,Total,3,3,0,0,0
1277,2019,June,Intermediate,1,Open,2,2,0,0,0
1278,2019,June,Intermediate,1,Partial,1,1,0,0,0
1279,2019,June,Arid,1,Open,#N/A,#N/A,#N/A,#N/A,#N/A
1280,2019,June,Arid,1,Partial,#N/A,#N/A,#N/A,#N/A,#N/A
1281,2019,June,Arid,1,Total,#N/A,#N/A,#N/A,#N/A,#N/A
1282,2019,June,Arid,2,Open,#N/A,#N/A,#N/A,#N/A,#N/A
1283,2019,June,Arid,2,Partial,#N/A,#N/A,#N/A,#N/A,#N/A
1284,2019,June,Arid,2,Total,#N/A,#N/A,#N/A,#N/A,#N/A
1285,2019,June,Arid,3,Open,#N/A,#N/A,#N/A,#N/A,#N/A
1286,2019,June,Arid,3,Partial,#N/A,#N/A,#N/A,#N/A,#N/A
1287,2019,June,Arid,3,Total,#N/A,#N/A,#N/A,#N/A,#N/A
1288,2019,July,Mesic,1,Open,0,0,0,0,0
1289,2019,July,Mesic,1,Partial,0,0,0,0,0
1290,2019,July,Mesic,1,Total,0,0,0,0,0
1291,2019,July,Mesic,2,Open,0,0,0,0,0
1292,2019,July,Mesic,2,Partial,1,1,0,0,0
1293,2019,July,Mesic,2,Total,0,0,0,0,0
1294,2019,July,Mesic,3,Open,0,0,0,0,0
1295,2019,July,Mesic,3,Partial,0,0,0,0,0
1296,2019,July,Mesic,3,Total,0,0,0,0,0
1297,2019,July,Intermediate,1,Total,0,0,0,0,0
1298,2019,July,Intermediate,2,Open,0,0,0,0,0
1299,2019,July,Intermediate,2,Partial,0,0,0,0,0
1300,2019,July,Intermediate,2,Total,0,0,0,0,0
1301,2019,July,Intermediate,3,Open,0,0,0,0,0
1302,2019,July,Intermediate,3,Partial,0,0,0,0,0
1303,2019,July,Intermediate,3,Total,0,0,0,0,0
1304,2019,July,Intermediate,1,Open,0,0,0,0,0
1305,2019,July,Intermediate,1,Partial,0,0,0,0,0
1306,2019,July,Arid,1,Open,0,0,0,0,0
1307,2019,July,Arid,1,Partial,0,0,0,0,0
1308,2019,July,Arid,1,Total,0,0,0,0,0
1309,2019,July,Arid,2,Open,1,1,0,0,0
1310,2019,July,Arid,2,Partial,0,0,0,0,0
1311,2019,July,Arid,2,Total,0,0,0,0,0
1312,2019,July,Arid,3,Open,0,0,0,0,0
1313,2019,July,Arid,3,Partial,0,0,0,0,0
1314,2019,July,Arid,3,Total,0,0,0,0,0
1315,2019,August,Mesic,1,Open,0,0,0,0,0
1316,2019,August,Mesic,1,Partial,0,0,0,0,0
1317,2019,August,Mesic,1,Total,0,0,0,0,0
1318,2019,August,Mesic,2,Open,0,0,0,0,0
1319,2019,August,Mesic,2,Partial,0,0,0,0,0
1320,2019,August,Mesic,2,Total,0,0,0,0,0
1321,2019,August,Mesic,3,Open,0,0,0,0,0
1322,2019,August,Mesic,3,Partial,0,0,0,0,0
1323,2019,August,Mesic,3,Total,0,0,0,0,0
1324,2019,August,Intermediate,1,Total,0,0,0,0,0
1325,2019,August,Intermediate,2,Open,0,0,0,0,0
1326,2019,August,Intermediate,2,Partial,0,0,0,0,0
1327,2019,August,Intermediate,2,Total,0,0,0,0,0
1328,2019,August,Intermediate,3,Open,0,0,0,0,0
1329,2019,August,Intermediate,3,Partial,0,0,0,0,0
1330,2019,August,Intermediate,3,Total,0,0,0,0,0
1331,2019,August,Intermediate,1,Open,0,0,0,0,0
1332,2019,August,Intermediate,1,Partial,0,0,0,0,0
1333,2019,August,Arid,1,Open,0,0,0,0,0
1334,2019,August,Arid,1,Partial,0,0,0,0,0
1335,2019,August,Arid,1,Total,0,0,0,0,0
1336,2019,August,Arid,2,Open,0,0,0,0,0
1337,2019,August,Arid,2,Partial,0,0,0,0,0
1338,2019,August,Arid,2,Total,0,0,0,0,0
1339,2019,August,Arid,3,Open,0,0,0,0,0
1340,2019,August,Arid,3,Partial,0,0,0,0,0
1341,2019,August,Arid,3,Total,0,0,0,0,0
1342,2019,September,Mesic,1,Open,0,0,0,0,0
1343,2019,September,Mesic,1,Partial,0,0,0,0,0
1344,2019,September,Mesic,1,Total,0,0,0,0,0
1345,2019,September,Mesic,2,Open,0,0,0,0,0
1346,2019,September,Mesic,2,Partial,0,0,0,0,0
1347,2019,September,Mesic,2,Total,0,0,0,0,0
1348,2019,September,Mesic,3,Open,0,0,0,0,0
1349,2019,September,Mesic,3,Partial,0,0,0,0,0
1350,2019,September,Mesic,3,Total,0,0,0,0,0
1351,2019,September,Intermediate,1,Total,0,0,0,0,0
1352,2019,September,Intermediate,2,Open,0,0,0,0,0
1353,2019,September,Intermediate,2,Partial,0,0,0,0,0
1354,2019,September,Intermediate,2,Total,0,0,0,0,0
1355,2019,September,Intermediate,3,Open,0,0,0,0,0
1356,2019,September,Intermediate,3,Partial,0,0,0,0,0
1357,2019,September,Intermediate,3,Total,0,0,0,0,0
1358,2019,September,Intermediate,1,Open,0,0,0,0,0
1359,2019,September,Intermediate,1,Partial,0,0,0,0,0
1360,2019,September,Arid,1,Open,0,0,0,0,0
1361,2019,September,Arid,1,Partial,0,0,0,0,0
1362,2019,September,Arid,1,Total,0,0,0,0,0
1363,2019,September,Arid,2,Open,0,0,0,0,0
1364,2019,September,Arid,2,Partial,0,0,0,0,0
1365,2019,September,Arid,2,Total,0,0,0,0,0
1366,2019,September,Arid,3,Open,0,0,0,0,0
1367,2019,September,Arid,3,Partial,0,0,0,0,0
1368,2019,September,Arid,3,Total,0,0,0,0,0
1369,2019,October,Mesic,1,Open,#N/A,#N/A,#N/A,#N/A,#N/A
1370,2019,October,Mesic,1,Partial,#N/A,#N/A,#N/A,#N/A,#N/A
1371,2019,October,Mesic,1,Total,#N/A,#N/A,#N/A,#N/A,#N/A
1372,2019,October,Mesic,2,Open,#N/A,#N/A,#N/A,#N/A,#N/A
1373,2019,October,Mesic,2,Partial,#N/A,#N/A,#N/A,#N/A,#N/A
1374,2019,October,Mesic,2,Total,#N/A,#N/A,#N/A,#N/A,#N/A
1375,2019,October,Mesic,3,Open,#N/A,#N/A,#N/A,#N/A,#N/A
1376,2019,October,Mesic,3,Partial,#N/A,#N/A,#N/A,#N/A,#N/A
1377,2019,October,Mesic,3,Total,#N/A,#N/A,#N/A,#N/A,#N/A
1378,2019,October,Intermediate,1,Total,#N/A,#N/A,#N/A,#N/A,#N/A
1379,2019,October,Intermediate,2,Open,#N/A,#N/A,#N/A,#N/A,#N/A
1380,2019,October,Intermediate,2,Partial,#N/A,#N/A,#N/A,#N/A,#N/A
1381,2019,October,Intermediate,2,Total,#N/A,#N/A,#N/A,#N/A,#N/A
1382,2019,October,Intermediate,3,Open,#N/A,#N/A,#N/A,#N/A,#N/A
1383,2019,October,Intermediate,3,Partial,#N/A,#N/A,#N/A,#N/A,#N/A
1384,2019,October,Intermediate,3,Total,#N/A,#N/A,#N/A,#N/A,#N/A
1385,2019,October,Intermediate,1,Open,#N/A,#N/A,#N/A,#N/A,#N/A
1386,2019,October,Intermediate,1,Partial,#N/A,#N/A,#N/A,#N/A,#N/A
1387,2019,October,Arid,1,Open,#N/A,#N/A,#N/A,#N/A,#N/A
1388,2019,October,Arid,1,Partial,#N/A,#N/A,#N/A,#N/A,#N/A
1389,2019,October,Arid,1,Total,#N/A,#N/A,#N/A,#N/A,#N/A
1390,2019,October,Arid,2,Open,#N/A,#N/A,#N/A,#N/A,#N/A
1391,2019,October,Arid,2,Partial,#N/A,#N/A,#N/A,#N/A,#N/A
1392,2019,October,Arid,2,Total,#N/A,#N/A,#N/A,#N/A,#N/A
1393,2019,October,Arid,3,Open,#N/A,#N/A,#N/A,#N/A,#N/A
1394,2019,October,Arid,3,Partial,#N/A,#N/A,#N/A,#N/A,#N/A
1395,2019,October,Arid,3,Total,#N/A,#N/A,#N/A,#N/A,#N/A
1396,2019,November,Arid,2,Open,0,0,0,0,0
1397,2019,November,Arid,2,Partial,0,0,0,0,0
1398,2019,November,Arid,2,Total,0,0,0,0,0
1399,2019,November,Arid,1,Open,0,0,0,0,0
1400,2019,November,Arid,1,Partial,0,0,0,0,0
1401,2019,November,Arid,1,Total,0,0,0,0,0
1402,2019,November,Arid,3,Open,0,0,0,0,0
1403,2019,November,Arid,3,Partial,0,0,0,0,0
1404,2019,November,Arid,3,Total,0,0,0,0,0
1405,2019,November,Intermediate,3,Open,0,0,0,0,0
1406,2019,November,Intermediate,3,Partial,0,0,0,0,0
1407,2019,November,Intermediate,3,Total,0,0,0,0,0
1408,2019,November,Intermediate,2,Open,0,0,0,0,0
1409,2019,November,Intermediate,2,Total,0,0,0,0,0
1410,2019,November,Intermediate,2,Partial,0,0,0,0,0
1411,2019,November,Intermediate,1,Total,0,0,0,0,0
1412,2019,November,Intermediate,1,Open,0,0,0,0,0
1413,2019,November,Intermediate,1,Partial,0,0,0,0,0
1414,2019,November,Mesic,1,Total,0,0,0,0,0
1415,2019,November,Mesic,1,Partial,0,0,0,0,0
1416,2019,November,Mesic,1,Open,0,0,0,0,0
1417,2019,November,Mesic,2,Total,0,0,0,0,0
1418,2019,November,Mesic,2,Partial,0,0,0,0,0
1419,2019,November,Mesic,2,Open,0,0,0,0,0
1420,2019,November,Mesic,3,Total,0,0,0,0,0
1421,2019,November,Mesic,3,Partial,0,0,0,0,0
1422,2019,November,Mesic,3,Open,0,0,0,0,0
1423,2019,December,Arid,2,Open,0,0,0,0,0
1424,2019,December,Arid,2,Partial,0,0,0,0,0
1425,2019,December,Arid,2,Total,0,0,0,0,0
1426,2019,December,Arid,1,Open,0,0,0,0,0
1427,2019,December,Arid,1,Partial,0,0,0,0,0
1428,2019,December,Arid,1,Total,0,0,0,0,0
1429,2019,December,Arid,3,Open,0,0,0,0,0
1430,2019,December,Arid,3,Partial,0,0,0,0,0
1431,2019,December,Arid,3,Total,0,0,0,0,0
1432,2019,December,Intermediate,3,Open,0,0,0,0,0
1433,2019,December,Intermediate,3,Partial,0,0,0,0,0
1434,2019,December,Intermediate,3,Total,0,0,0,0,0
1435,2019,December,Intermediate,2,Open,0,0,0,0,0
1436,2019,December,Intermediate,2,Total,0,0,0,0,0
1437,2019,December,Intermediate,2,Partial,0,0,0,0,0
1438,2019,December,Intermediate,1,Total,0,0,0,0,0
1439,2019,December,Intermediate,1,Open,0,0,0,0,0
1440,2019,December,Intermediate,1,Partial,0,0,0,0,0
1441,2019,December,Mesic,1,Total,0,0,0,0,0
1442,2019,December,Mesic,1,Partial,0,0,0,0,0
1443,2019,December,Mesic,1,Open,0,0,0,0,0
1444,2019,December,Mesic,2,Total,0,0,0,0,0
1445,2019,December,Mesic,2,Partial,0,0,0,0,0
1446,2019,December,Mesic,2,Open,0,0,0,0,0
1447,2019,December,Mesic,3,Total,0,0,0,0,0
1448,2019,December,Mesic,3,Partial,0,0,0,0,0
1449,2019,December,Mesic,3,Open,0,0,0,0,0